$digital_specimen_number,self.ui.e_digital_specimen_number.text()
$date_of_analys,self.ui.e_date_of_analys.text()
$analyst,self.ui.e_analyst.text()
$affiliations,self.ui.e_affiliations.text()
$laboratory_identificiation_number,self.ui.e_laboratory_identificiation_number.text()
$puglic_collection_number_before_destructive_analysis,self.ui.e_puglic_collection_number_before_destructive_analysis.text()
$geological_age,self.ui.e_geological_age.text()
$horizon,self.ui.e_horizon.text()
$locality,self.ui.e_locality.text()
$latitude,self.ui.e_latitude.text()
$longitude,self.ui.e_longitude.text()
$time_and_date_of_collection,self.ui.e_time_and_date_of_collection.text()
$age,self.ui.e_age.text()
$sex,self.ui.e_sex.text()
$strage_condition,self.ui.e_strage_condition.text()
$sample_provider,self.ui.e_sample_provider.text()
$reference,self.ui.e_references.text()
$file_name,self.ui.e_file_name.text()
$size_of_sample,self.ui.e_size_of_sample.text()
$weight_of_sample,self.ui.e_weight_of_sample.text()
$size_of_prepared_sample,self.ui.e_size_of_prepared_sample.text()
$weight_of_prepared_sample,self.ui.e_weight_of_prepared_sample.text()
$shutter_speed,self.ui.e_shutter_speed.text()
$iso,self.ui.e_iso.text()
$b_a,self.ui.e_b_a.text()
$g_m,self.ui.e_g_m.text()
$style,self.ui.e_style.text()
$contrast,self.ui.e_contrast.text()
$saturation,self.ui.e_saturation.text()
$sharpness,self.ui.e_sharpness.text()
$saturation_other,self.ui.e_saturation_other.text()
$prepared_or_not,checkbox_flag(self.ui.cb_prepared_or_not.isChecked())
$details_of_preparation,self.ui.comb_details_of_preparation.currentText()
$aluminium_powder,self.ui.comb_aluminium_powder.currentText()
$lane_number,[123][int(self.ui.bg_lane.checkedId()) * (-1) - 2]
$camera_orientation,[HorizontalVertical][int(self.ui.bg_camera_orientation.checkedId()) * (-1) - 2]
$camera_number,self.ui.comb_camera_number.currentText()
$lens,self.ui.comb_lens.currentText()
$lens_adapter,self.ui.comb_lens_adpter.currentText()
$pixel_shift_nulti_shooting,self.ui.comb_pixel_shift_nulti_shooting.currentText()
$interval_of_psms,self.ui.comb_interval_of_psms.currentText()
$f_number,self.ui.comb_f_number.currentText()
$focus_mode,[MTAT][int(self.ui.bg_focus_mode.checkedId()) * (-1) -2]
$taxon_lithology,self.ui.e_taxon_lithology.text()
$total_grinding_thickness_in_each_cycle,self.ui.e_total_grinding_thickness_in_each_cycle.text()
$total_grinding_thickness_in_each_finishing_process,self.ui.e_total_grinding_thickness_in_each_finishing_process.text()
$total_grinding_thickness,self.ui.e_total_grinding_thickness.text()
$depth_of_cut_in_rough_grinding,self.ui.e_depth_of_cut_in_rough_grinding.text()
$depth_of_cut_in_finish_grinding,self.ui.e_depth_of_cut_in_finish_grinding.text()
$rough_grinding_speed,self.ui.e_rough_grinding_speed.text()
$finish_grinding_speed,self.ui.e_finish_grinding_speed.text()
$coating_speed,self.ui.e_coating_speed.text()
$blowing_speed,self.ui.e_blowing_speed.text()
$polishing,self.ui.e_polishing.text()
$grinding_tools,self.ui.cmb_grinding_tools.currentText()
$major_axis,self.ui.e_major_axis.text()
$minor_axis,self.ui.e_minor_axis.text()
$presence_1,[presenceabsence][int(self.ui.bg_presence_1.checkedId()) * (-1) - 2]
$presence_of_steel_plate,[presenceabsence][int(self.ui.bg_presence_of_steel_plate.checkedId()) * (-1) - 2]
$depository,self.ui.e_depository.text()
$presence_2,[presenceabsence][int(self.ui.bg_presence_2.checkedId()) * (-1) - 2]
$detailed_information,self.ui.e_detailed_information.toPlainText()
$depository_2,self.ui.e_depository.text()
$correspondence_of_datasets,self.ui.e_correspondence_of_datasets.toPlainText()
$changes_in_voxel_z_width_within_a_same_dataset,self.ui.e_changes_in_voxel_z_width_within_a_same_dataset.toPlainText()
$presence_3,checkbox_flag(self.ui.cb_presence_3.isChecked())
$notes,self.ui.e_notes.toPlainText()
$e_light_1,self.ui.e_light_1
$e_light_2,self.ui.e_light_2
$e_light_3,self.ui.e_light_3
$e_light_4,self.ui.e_light_4
$e_light_5,self.ui.e_light_5
$e_light_6,self.ui.e_light_6
$e_light_7,self.ui.e_light_7
$e_light_8,self.ui.e_light_8
$e_light_9,self.ui.e_light_9
$e_light_10,self.ui.e_light_10
$e_light_11,self.ui.e_light_11
$e_light_12,self.ui.e_light_12
$e_light_13,self.ui.e_light_13
$e_light_14,self.ui.e_light_14
$e_light_15,self.ui.e_light_15
$e_light_16,self.ui.e_light_16
$e_light_17,self.ui.e_light_17
$e_light_18,self.ui.e_light_18
$e_light_19,self.ui.e_light_19
$e_light_20,self.ui.e_light_20
$e_light_21,self.ui.e_light_21
$e_light_22,self.ui.e_light_22
$e_light_23,self.ui.e_light_23
$e_light_24,self.ui.e_light_24
$e_light_25,self.ui.e_light_25
$e_light_26,self.ui.e_light_26
$e_light_27,self.ui.e_light_27
$e_light_28,self.ui.e_light_28
$e_light_29,self.ui.e_light_29
$e_light_30,self.ui.e_light_30
$e_light_31,self.ui.e_light_31
$e_light_32,self.ui.e_light_32
$e_light_33,self.ui.e_light_33
$e_light_34,self.ui.e_light_34
$e_light_35,self.ui.e_light_35
$e_light_36,self.ui.e_light_36
$e_light_37,self.ui.e_light_37
$e_light_38,self.ui.e_light_38
$e_light_39,self.ui.e_light_39
$e_light_40,self.ui.e_light_40
$e_light_41,self.ui.e_light_41
$e_light_42,self.ui.e_light_42
$e_light_43,self.ui.e_light_43
$e_light_44,self.ui.e_light_44
$e_light_45,self.ui.e_light_45
$e_light_46,self.ui.e_light_46
$e_light_47,self.ui.e_light_47
$e_light_48,self.ui.e_light_48
$e_light_49,self.ui.e_light_49
$e_light_50,self.ui.e_light_50
$e_light_51,self.ui.e_light_51
$e_light_52,self.ui.e_light_52
$e_light_53,self.ui.e_light_53
$e_light_54,self.ui.e_light_54
$e_light_55,self.ui.e_light_55
$e_light_56,self.ui.e_light_56
$e_light_57,self.ui.e_light_57
$e_light_58,self.ui.e_light_58
$e_light_59,self.ui.e_light_59
$e_light_60,self.ui.e_light_60
$e_light_61,self.ui.e_light_61
$e_light_62,self.ui.e_light_62
$e_light_63,self.ui.e_light_63
$e_light_64,self.ui.e_light_64
$e_light_65,self.ui.e_light_65
$e_light_66,self.ui.e_light_66
$e_light_67,self.ui.e_light_67
$e_light_68,self.ui.e_light_68
$e_light_69,self.ui.e_light_69
$e_light_70,self.ui.e_light_70
$e_light_71,self.ui.e_light_71
$e_light_72,self.ui.e_light_72
$e_light_73,self.ui.e_light_73
$e_light_74,self.ui.e_light_74
$e_light_75,self.ui.e_light_75
$e_light_76,self.ui.e_light_76
$e_light_77,self.ui.e_light_77
$e_light_78,self.ui.e_light_78
$e_light_79,self.ui.e_light_79
$e_light_80,self.ui.e_light_80
$e_light_81,self.ui.e_light_81
$e_light_82,self.ui.e_light_82
$e_light_83,self.ui.e_light_83
$e_light_84,self.ui.e_light_84
$e_light_85,self.ui.e_light_85
$e_light_86,self.ui.e_light_86
$e_light_87,self.ui.e_light_87
$e_light_88,self.ui.e_light_88
$e_light_89,self.ui.e_light_89
$e_light_90,self.ui.e_light_90
$e_light_91,self.ui.e_light_91
$e_light_92,self.ui.e_light_92
$e_light_93,self.ui.e_light_93
$e_light_94,self.ui.e_light_94
$e_light_95,self.ui.e_light_95
$e_light_96,self.ui.e_light_96
$e_light_97,self.ui.e_light_97
$e_light_98,self.ui.e_light_98
$e_light_99,self.ui.e_light_99
$e_light_100,self.ui.e_light_100
$e_light_101,self.ui.e_light_101
$e_light_102,self.ui.e_light_102
$e_light_103,self.ui.e_light_103
$e_light_104,self.ui.e_light_104
$e_light_105,self.ui.e_light_105
$e_light_106,self.ui.e_light_106
$e_light_107,self.ui.e_light_107
$e_light_108,self.ui.e_light_108
$e_light_109,self.ui.e_light_109
$e_light_110,self.ui.e_light_110
$e_light_111,self.ui.e_light_111
$e_light_112,self.ui.e_light_112
$e_light_113,self.ui.e_light_113
$e_light_114,self.ui.e_light_114
$e_light_115,self.ui.e_light_115
$e_light_116,self.ui.e_light_116
$e_light_117,self.ui.e_light_117
$e_light_118,self.ui.e_light_118
$e_light_119,self.ui.e_light_119
$e_light_120,self.ui.e_light_120
$e_position_no_1,
$e_position_no_2,
$e_position_no_3,
$e_position_no_4,
$e_position_no_5,
$e_position_no_6,
$e_position_no_7,
$e_position_no_8,
$e_position_no_9,
$e_position_no_10,
$e_position_no_11,
$e_position_no_12,
$e_position_no_13,
$e_position_no_14,
$e_position_no_15,
$e_position_no_16,
$e_position_no_17,
$e_position_no_18,
$e_position_no_19,
$e_position_no_20,
$e_position_no_21,
$e_position_no_22,
$e_position_no_23,
$e_position_no_24,
$e_position_no_25,
$e_position_no_26,
$e_position_no_27,
$e_position_no_28,
$e_position_no_29,
$e_position_no_30,
$e_position_no_31,
$e_position_no_32,
$e_position_no_33,
$e_position_no_34,
$e_position_no_35,
$e_position_no_36,
$e_position_no_37,
$e_position_no_38,
$e_position_no_39,
$e_position_no_40,
$e_position_no_41,
$e_position_no_42,
$e_position_no_43,
$e_position_no_44,
$e_position_no_45,
$e_position_no_46,
$e_position_no_47,
$e_position_no_48,
$e_position_no_49,
$e_position_no_50,
$e_position_no_51,
$e_position_no_52,
$e_position_no_53,
$e_position_no_54,
$e_position_no_55,
$e_position_no_56,
$e_position_no_57,
$e_position_no_58,
$e_position_no_59,
$e_position_no_60,
$e_position_no_61,
$e_position_no_62,
$e_position_no_63,
$e_position_no_64,
$e_position_no_65,
$e_position_no_66,
$e_position_no_67,
$e_position_no_68,
$e_position_no_69,
$e_position_no_70,
$e_position_no_71,
$e_position_no_72,
$e_position_no_73,
$e_position_no_74,
$e_position_no_75,
$e_position_no_76,
$e_position_no_77,
$e_position_no_78,
$e_position_no_79,
$e_position_no_80,
$e_position_no_81,
$e_position_no_82,
$e_position_no_83,
$e_position_no_84,
$e_position_no_85,
$e_position_no_86,
$e_position_no_87,
$e_position_no_88,
$e_position_no_89,
$e_position_no_90,
$e_position_no_91,
$e_position_no_92,
$e_position_no_93,
$e_position_no_94,
$e_position_no_95,
$e_position_no_96,
$e_position_no_97,
$e_position_no_98,
$e_position_no_99,
$e_position_no_100,
$e_position_no_101,
$e_position_no_102,
$e_position_no_103,
$e_position_no_104,
$e_position_no_105,
$e_position_no_106,
$e_position_no_107,
$e_position_no_108,
$e_position_no_109,
$e_position_no_110,
$e_position_no_111,
$e_position_no_112,
$e_position_no_113,
$e_position_no_114,
$e_position_no_115,
$e_position_no_116,
$e_position_no_117,
$e_position_no_118,
$e_position_no_119,
$e_position_no_120,
$e_cort_1,
$e_cort_2,
$e_cort_3,
$e_cort_4,
$e_cort_5,
$e_cort_6,
$e_cort_7,
$e_cort_8,
$e_cort_9,
$e_cort_10,
$e_cort_11,
$e_cort_12,
$e_cort_13,
$e_cort_14,
$e_cort_15,
$e_cort_16,
$e_cort_17,
$e_cort_18,
$e_cort_19,
$e_cort_20,
$e_cort_21,
$e_cort_22,
$e_cort_23,
$e_cort_24,
$e_cort_25,
$e_cort_26,
$e_cort_27,
$e_cort_28,
$e_cort_29,
$e_cort_30,
$e_cort_31,
$e_cort_32,
$e_cort_33,
$e_cort_34,
$e_cort_35,
$e_cort_36,
$e_cort_37,
$e_cort_38,
$e_cort_39,
$e_cort_40,
$e_cort_41,
$e_cort_42,
$e_cort_43,
$e_cort_44,
$e_cort_45,
$e_cort_46,
$e_cort_47,
$e_cort_48,
$e_cort_49,
$e_cort_50,
$e_cort_51,
$e_cort_52,
$e_cort_53,
$e_cort_54,
$e_cort_55,
$e_cort_56,
$e_cort_57,
$e_cort_58,
$e_cort_59,
$e_cort_60,
$e_cort_61,
$e_cort_62,
$e_cort_63,
$e_cort_64,
$e_cort_65,
$e_cort_66,
$e_cort_67,
$e_cort_68,
$e_cort_69,
$e_cort_70,
$e_cort_71,
$e_cort_72,
$e_cort_73,
$e_cort_74,
$e_cort_75,
$e_cort_76,
$e_cort_77,
$e_cort_78,
$e_cort_79,
$e_cort_80,
$e_cort_81,
$e_cort_82,
$e_cort_83,
$e_cort_84,
$e_cort_85,
$e_cort_86,
$e_cort_87,
$e_cort_88,
$e_cort_89,
$e_cort_90,
$e_cort_91,
$e_cort_92,
$e_cort_93,
$e_cort_94,
$e_cort_95,
$e_cort_96,
$e_cort_97,
$e_cort_98,
$e_cort_99,
$e_cort_100,
$e_cort_101,
$e_cort_102,
$e_cort_103,
$e_cort_104,
$e_cort_105,
$e_cort_106,
$e_cort_107,
$e_cort_108,
$e_cort_109,
$e_cort_110,
$e_cort_111,
$e_cort_112,
$e_cort_113,
$e_cort_114,
$e_cort_115,
$e_cort_116,
$e_cort_117,
$e_cort_118,
$e_cort_119,
$e_cort_120,
$e_blow_1,
$e_blow_2,
$e_blow_3,
$e_blow_4,
$e_blow_5,
$e_blow_6,
$e_blow_7,
$e_blow_8,
$e_blow_9,
$e_blow_10,
$e_blow_11,
$e_blow_12,
$e_blow_13,
$e_blow_14,
$e_blow_15,
$e_blow_16,
$e_blow_17,
$e_blow_18,
$e_blow_19,
$e_blow_20,
$e_blow_21,
$e_blow_22,
$e_blow_23,
$e_blow_24,
$e_blow_25,
$e_blow_26,
$e_blow_27,
$e_blow_28,
$e_blow_29,
$e_blow_30,
$e_blow_31,
$e_blow_32,
$e_blow_33,
$e_blow_34,
$e_blow_35,
$e_blow_36,
$e_blow_37,
$e_blow_38,
$e_blow_39,
$e_blow_40,
$e_blow_41,
$e_blow_42,
$e_blow_43,
$e_blow_44,
$e_blow_45,
$e_blow_46,
$e_blow_47,
$e_blow_48,
$e_blow_49,
$e_blow_50,
$e_blow_51,
$e_blow_52,
$e_blow_53,
$e_blow_54,
$e_blow_55,
$e_blow_56,
$e_blow_57,
$e_blow_58,
$e_blow_59,
$e_blow_60,
$e_blow_61,
$e_blow_62,
$e_blow_63,
$e_blow_64,
$e_blow_65,
$e_blow_66,
$e_blow_67,
$e_blow_68,
$e_blow_69,
$e_blow_70,
$e_blow_71,
$e_blow_72,
$e_blow_73,
$e_blow_74,
$e_blow_75,
$e_blow_76,
$e_blow_77,
$e_blow_78,
$e_blow_79,
$e_blow_80,
$e_blow_81,
$e_blow_82,
$e_blow_83,
$e_blow_84,
$e_blow_85,
$e_blow_86,
$e_blow_87,
$e_blow_88,
$e_blow_89,
$e_blow_90,
$e_blow_91,
$e_blow_92,
$e_blow_93,
$e_blow_94,
$e_blow_95,
$e_blow_96,
$e_blow_97,
$e_blow_98,
$e_blow_99,
$e_blow_100,
$e_blow_101,
$e_blow_102,
$e_blow_103,
$e_blow_104,
$e_blow_105,
$e_blow_106,
$e_blow_107,
$e_blow_108,
$e_blow_109,
$e_blow_110,
$e_blow_111,
$e_blow_112,
$e_blow_113,
$e_blow_114,
$e_blow_115,
$e_blow_116,
$e_blow_117,
$e_blow_118,
$e_blow_119,
$e_blow_120,
$e_frequency_1,
$e_frequency_2,
$e_frequency_3,
$e_frequency_4,
$e_frequency_5,
$e_frequency_6,
$e_frequency_7,
$e_frequency_8,
$e_frequency_9,
$e_frequency_10,
$e_frequency_11,
$e_frequency_12,
$e_frequency_13,
$e_frequency_14,
$e_frequency_15,
$e_frequency_16,
$e_frequency_17,
$e_frequency_18,
$e_frequency_19,
$e_frequency_20,
$e_frequency_21,
$e_frequency_22,
$e_frequency_23,
$e_frequency_24,
$e_frequency_25,
$e_frequency_26,
$e_frequency_27,
$e_frequency_28,
$e_frequency_29,
$e_frequency_30,
$e_frequency_31,
$e_frequency_32,
$e_frequency_33,
$e_frequency_34,
$e_frequency_35,
$e_frequency_36,
$e_frequency_37,
$e_frequency_38,
$e_frequency_39,
$e_frequency_40,
$e_frequency_41,
$e_frequency_42,
$e_frequency_43,
$e_frequency_44,
$e_frequency_45,
$e_frequency_46,
$e_frequency_47,
$e_frequency_48,
$e_frequency_49,
$e_frequency_50,
$e_frequency_51,
$e_frequency_52,
$e_frequency_53,
$e_frequency_54,
$e_frequency_55,
$e_frequency_56,
$e_frequency_57,
$e_frequency_58,
$e_frequency_59,
$e_frequency_60,
$e_frequency_61,
$e_frequency_62,
$e_frequency_63,
$e_frequency_64,
$e_frequency_65,
$e_frequency_66,
$e_frequency_67,
$e_frequency_68,
$e_frequency_69,
$e_frequency_70,
$e_frequency_71,
$e_frequency_72,
$e_frequency_73,
$e_frequency_74,
$e_frequency_75,
$e_frequency_76,
$e_frequency_77,
$e_frequency_78,
$e_frequency_79,
$e_frequency_80,
$e_frequency_81,
$e_frequency_82,
$e_frequency_83,
$e_frequency_84,
$e_frequency_85,
$e_frequency_86,
$e_frequency_87,
$e_frequency_88,
$e_frequency_89,
$e_frequency_90,
$e_frequency_91,
$e_frequency_92,
$e_frequency_93,
$e_frequency_94,
$e_frequency_95,
$e_frequency_96,
$e_frequency_97,
$e_frequency_98,
$e_frequency_99,
$e_frequency_100,
$e_frequency_101,
$e_frequency_102,
$e_frequency_103,
$e_frequency_104,
$e_frequency_105,
$e_frequency_106,
$e_frequency_107,
$e_frequency_108,
$e_frequency_109,
$e_frequency_110,
$e_frequency_111,
$e_frequency_112,
$e_frequency_113,
$e_frequency_114,
$e_frequency_115,
$e_frequency_116,
$e_frequency_117,
$e_frequency_118,
$e_frequency_119,
$e_frequency_120,
$e_photographing_signals_1,
$e_photographing_signals_2,
$e_photographing_signals_3,
$e_photographing_signals_4,
$e_photographing_signals_5,
$e_photographing_signals_6,
$e_photographing_signals_7,
$e_photographing_signals_8,
$e_photographing_signals_9,
$e_photographing_signals_10,
$e_photographing_signals_11,
$e_photographing_signals_12,
$e_photographing_signals_13,
$e_photographing_signals_14,
$e_photographing_signals_15,
$e_photographing_signals_16,
$e_photographing_signals_17,
$e_photographing_signals_18,
$e_photographing_signals_19,
$e_photographing_signals_20,
$e_photographing_signals_21,
$e_photographing_signals_22,
$e_photographing_signals_23,
$e_photographing_signals_24,
$e_photographing_signals_25,
$e_photographing_signals_26,
$e_photographing_signals_27,
$e_photographing_signals_28,
$e_photographing_signals_29,
$e_photographing_signals_30,
$e_photographing_signals_31,
$e_photographing_signals_32,
$e_photographing_signals_33,
$e_photographing_signals_34,
$e_photographing_signals_35,
$e_photographing_signals_36,
$e_photographing_signals_37,
$e_photographing_signals_38,
$e_photographing_signals_39,
$e_photographing_signals_40,
$e_photographing_signals_41,
$e_photographing_signals_42,
$e_photographing_signals_43,
$e_photographing_signals_44,
$e_photographing_signals_45,
$e_photographing_signals_46,
$e_photographing_signals_47,
$e_photographing_signals_48,
$e_photographing_signals_49,
$e_photographing_signals_50,
$e_photographing_signals_51,
$e_photographing_signals_52,
$e_photographing_signals_53,
$e_photographing_signals_54,
$e_photographing_signals_55,
$e_photographing_signals_56,
$e_photographing_signals_57,
$e_photographing_signals_58,
$e_photographing_signals_59,
$e_photographing_signals_60,
$e_photographing_signals_61,
$e_photographing_signals_62,
$e_photographing_signals_63,
$e_photographing_signals_64,
$e_photographing_signals_65,
$e_photographing_signals_66,
$e_photographing_signals_67,
$e_photographing_signals_68,
$e_photographing_signals_69,
$e_photographing_signals_70,
$e_photographing_signals_71,
$e_photographing_signals_72,
$e_photographing_signals_73,
$e_photographing_signals_74,
$e_photographing_signals_75,
$e_photographing_signals_76,
$e_photographing_signals_77,
$e_photographing_signals_78,
$e_photographing_signals_79,
$e_photographing_signals_80,
$e_photographing_signals_81,
$e_photographing_signals_82,
$e_photographing_signals_83,
$e_photographing_signals_84,
$e_photographing_signals_85,
$e_photographing_signals_86,
$e_photographing_signals_87,
$e_photographing_signals_88,
$e_photographing_signals_89,
$e_photographing_signals_90,
$e_photographing_signals_91,
$e_photographing_signals_92,
$e_photographing_signals_93,
$e_photographing_signals_94,
$e_photographing_signals_95,
$e_photographing_signals_96,
$e_photographing_signals_97,
$e_photographing_signals_98,
$e_photographing_signals_99,
$e_photographing_signals_100,
$e_photographing_signals_101,
$e_photographing_signals_102,
$e_photographing_signals_103,
$e_photographing_signals_104,
$e_photographing_signals_105,
$e_photographing_signals_106,
$e_photographing_signals_107,
$e_photographing_signals_108,
$e_photographing_signals_109,
$e_photographing_signals_110,
$e_photographing_signals_111,
$e_photographing_signals_112,
$e_photographing_signals_113,
$e_photographing_signals_114,
$e_photographing_signals_115,
$e_photographing_signals_116,
$e_photographing_signals_117,
$e_photographing_signals_118,
$e_photographing_signals_119,
$e_photographing_signals_120,
$e_wating_time_b_1,
$e_wating_time_b_2,
$e_wating_time_b_3,
$e_wating_time_b_4,
$e_wating_time_b_5,
$e_wating_time_b_6,
$e_wating_time_b_7,
$e_wating_time_b_8,
$e_wating_time_b_9,
$e_wating_time_b_10,
$e_wating_time_b_11,
$e_wating_time_b_12,
$e_wating_time_b_13,
$e_wating_time_b_14,
$e_wating_time_b_15,
$e_wating_time_b_16,
$e_wating_time_b_17,
$e_wating_time_b_18,
$e_wating_time_b_19,
$e_wating_time_b_20,
$e_wating_time_b_21,
$e_wating_time_b_22,
$e_wating_time_b_23,
$e_wating_time_b_24,
$e_wating_time_b_25,
$e_wating_time_b_26,
$e_wating_time_b_27,
$e_wating_time_b_28,
$e_wating_time_b_29,
$e_wating_time_b_30,
$e_wating_time_b_31,
$e_wating_time_b_32,
$e_wating_time_b_33,
$e_wating_time_b_34,
$e_wating_time_b_35,
$e_wating_time_b_36,
$e_wating_time_b_37,
$e_wating_time_b_38,
$e_wating_time_b_39,
$e_wating_time_b_40,
$e_wating_time_b_41,
$e_wating_time_b_42,
$e_wating_time_b_43,
$e_wating_time_b_44,
$e_wating_time_b_45,
$e_wating_time_b_46,
$e_wating_time_b_47,
$e_wating_time_b_48,
$e_wating_time_b_49,
$e_wating_time_b_50,
$e_wating_time_b_51,
$e_wating_time_b_52,
$e_wating_time_b_53,
$e_wating_time_b_54,
$e_wating_time_b_55,
$e_wating_time_b_56,
$e_wating_time_b_57,
$e_wating_time_b_58,
$e_wating_time_b_59,
$e_wating_time_b_60,
$e_wating_time_b_61,
$e_wating_time_b_62,
$e_wating_time_b_63,
$e_wating_time_b_64,
$e_wating_time_b_65,
$e_wating_time_b_66,
$e_wating_time_b_67,
$e_wating_time_b_68,
$e_wating_time_b_69,
$e_wating_time_b_70,
$e_wating_time_b_71,
$e_wating_time_b_72,
$e_wating_time_b_73,
$e_wating_time_b_74,
$e_wating_time_b_75,
$e_wating_time_b_76,
$e_wating_time_b_77,
$e_wating_time_b_78,
$e_wating_time_b_79,
$e_wating_time_b_80,
$e_wating_time_b_81,
$e_wating_time_b_82,
$e_wating_time_b_83,
$e_wating_time_b_84,
$e_wating_time_b_85,
$e_wating_time_b_86,
$e_wating_time_b_87,
$e_wating_time_b_88,
$e_wating_time_b_89,
$e_wating_time_b_90,
$e_wating_time_b_91,
$e_wating_time_b_92,
$e_wating_time_b_93,
$e_wating_time_b_94,
$e_wating_time_b_95,
$e_wating_time_b_96,
$e_wating_time_b_97,
$e_wating_time_b_98,
$e_wating_time_b_99,
$e_wating_time_b_100,
$e_wating_time_b_101,
$e_wating_time_b_102,
$e_wating_time_b_103,
$e_wating_time_b_104,
$e_wating_time_b_105,
$e_wating_time_b_106,
$e_wating_time_b_107,
$e_wating_time_b_108,
$e_wating_time_b_109,
$e_wating_time_b_110,
$e_wating_time_b_111,
$e_wating_time_b_112,
$e_wating_time_b_113,
$e_wating_time_b_114,
$e_wating_time_b_115,
$e_wating_time_b_116,
$e_wating_time_b_117,
$e_wating_time_b_118,
$e_wating_time_b_119,
$e_wating_time_b_120,
$e_wating_time_a_1,
$e_wating_time_a_2,
$e_wating_time_a_3,
$e_wating_time_a_4,
$e_wating_time_a_5,
$e_wating_time_a_6,
$e_wating_time_a_7,
$e_wating_time_a_8,
$e_wating_time_a_9,
$e_wating_time_a_10,
$e_wating_time_a_11,
$e_wating_time_a_12,
$e_wating_time_a_13,
$e_wating_time_a_14,
$e_wating_time_a_15,
$e_wating_time_a_16,
$e_wating_time_a_17,
$e_wating_time_a_18,
$e_wating_time_a_19,
$e_wating_time_a_20,
$e_wating_time_a_21,
$e_wating_time_a_22,
$e_wating_time_a_23,
$e_wating_time_a_24,
$e_wating_time_a_25,
$e_wating_time_a_26,
$e_wating_time_a_27,
$e_wating_time_a_28,
$e_wating_time_a_29,
$e_wating_time_a_30,
$e_wating_time_a_31,
$e_wating_time_a_32,
$e_wating_time_a_33,
$e_wating_time_a_34,
$e_wating_time_a_35,
$e_wating_time_a_36,
$e_wating_time_a_37,
$e_wating_time_a_38,
$e_wating_time_a_39,
$e_wating_time_a_40,
$e_wating_time_a_41,
$e_wating_time_a_42,
$e_wating_time_a_43,
$e_wating_time_a_44,
$e_wating_time_a_45,
$e_wating_time_a_46,
$e_wating_time_a_47,
$e_wating_time_a_48,
$e_wating_time_a_49,
$e_wating_time_a_50,
$e_wating_time_a_51,
$e_wating_time_a_52,
$e_wating_time_a_53,
$e_wating_time_a_54,
$e_wating_time_a_55,
$e_wating_time_a_56,
$e_wating_time_a_57,
$e_wating_time_a_58,
$e_wating_time_a_59,
$e_wating_time_a_60,
$e_wating_time_a_61,
$e_wating_time_a_62,
$e_wating_time_a_63,
$e_wating_time_a_64,
$e_wating_time_a_65,
$e_wating_time_a_66,
$e_wating_time_a_67,
$e_wating_time_a_68,
$e_wating_time_a_69,
$e_wating_time_a_70,
$e_wating_time_a_71,
$e_wating_time_a_72,
$e_wating_time_a_73,
$e_wating_time_a_74,
$e_wating_time_a_75,
$e_wating_time_a_76,
$e_wating_time_a_77,
$e_wating_time_a_78,
$e_wating_time_a_79,
$e_wating_time_a_80,
$e_wating_time_a_81,
$e_wating_time_a_82,
$e_wating_time_a_83,
$e_wating_time_a_84,
$e_wating_time_a_85,
$e_wating_time_a_86,
$e_wating_time_a_87,
$e_wating_time_a_88,
$e_wating_time_a_89,
$e_wating_time_a_90,
$e_wating_time_a_91,
$e_wating_time_a_92,
$e_wating_time_a_93,
$e_wating_time_a_94,
$e_wating_time_a_95,
$e_wating_time_a_96,
$e_wating_time_a_97,
$e_wating_time_a_98,
$e_wating_time_a_99,
$e_wating_time_a_100,
$e_wating_time_a_101,
$e_wating_time_a_102,
$e_wating_time_a_103,
$e_wating_time_a_104,
$e_wating_time_a_105,
$e_wating_time_a_106,
$e_wating_time_a_107,
$e_wating_time_a_108,
$e_wating_time_a_109,
$e_wating_time_a_110,
$e_wating_time_a_111,
$e_wating_time_a_112,
$e_wating_time_a_113,
$e_wating_time_a_114,
$e_wating_time_a_115,
$e_wating_time_a_116,
$e_wating_time_a_117,
$e_wating_time_a_118,
$e_wating_time_a_119,
$e_wating_time_a_120,
$l_d_n_1,
$l_d_n_2,
$l_d_n_3,
$l_d_n_4,
$l_d_n_5,
$l_d_n_6,
$l_d_n_7,
$l_d_n_8,
$l_d_n_9,
$l_d_n_10,
$l_d_n_11,
$l_d_n_12,
$l_d_n_13,
$l_d_n_14,
$l_d_n_15,
$l_d_n_16,
$l_d_n_17,
$l_d_n_18,
$l_d_n_19,
$l_d_n_20,
$l_d_n_21,
$l_d_n_22,
$l_d_n_23,
$l_d_n_24,
$l_d_n_25,
$l_d_n_26,
$l_d_n_27,
$l_d_n_28,
$l_d_n_29,
$l_d_n_30,
$l_d_n_31,
$l_d_n_32,
$l_d_n_33,
$l_d_n_34,
$l_d_n_35,
$l_d_n_36,
$l_d_n_37,
$l_d_n_38,
$l_d_n_39,
$l_d_n_40,
$l_d_n_41,
$l_d_n_42,
$l_d_n_43,
$l_d_n_44,
$l_d_n_45,
$l_d_n_46,
$l_d_n_47,
$l_d_n_48,
$l_d_n_49,
$l_d_n_50,
$l_d_n_51,
$l_d_n_52,
$l_d_n_53,
$l_d_n_54,
$l_d_n_55,
$l_d_n_56,
$l_d_n_57,
$l_d_n_58,
$l_d_n_59,
$l_d_n_60,
$l_d_n_61,
$l_d_n_62,
$l_d_n_63,
$l_d_n_64,
$l_d_n_65,
$l_d_n_66,
$l_d_n_67,
$l_d_n_68,
$l_d_n_69,
$l_d_n_70,
$l_d_n_71,
$l_d_n_72,
$l_d_n_73,
$l_d_n_74,
$l_d_n_75,
$l_d_n_76,
$l_d_n_77,
$l_d_n_78,
$l_d_n_79,
$l_d_n_80,
$l_d_n_81,
$l_d_n_82,
$l_d_n_83,
$l_d_n_84,
$l_d_n_85,
$l_d_n_86,
$l_d_n_87,
$l_d_n_88,
$l_d_n_89,
$l_d_n_90,
$l_d_n_91,
$l_d_n_92,
$l_d_n_93,
$l_d_n_94,
$l_d_n_95,
$l_d_n_96,
$l_d_n_97,
$l_d_n_98,
$l_d_n_99,
$l_d_n_100,
$l_d_n_101,
$l_d_n_102,
$l_d_n_103,
$l_d_n_104,
$l_d_n_105,
$l_d_n_106,
$l_d_n_107,
$l_d_n_108,
$l_d_n_109,
$l_d_n_110,
$l_d_n_111,
$l_d_n_112,
$l_d_n_113,
$l_d_n_114,
$l_d_n_115,
$l_d_n_116,
$l_d_n_117,
$l_d_n_118,
$l_d_n_119,
$l_d_n_120,
$comb_optical_type_1_1,
$comb_optical_type_2_1,
$comb_optical_type_3_1,
$comb_optical_type_4_1,
$comb_optical_type_5_1,
$comb_optical_type_6_1,
$comb_optical_type_7_1,
$comb_optical_type_8_1,
$comb_optical_type_1_2,
$comb_optical_type_2_2,
$comb_optical_type_3_2,
$comb_optical_type_4_2,
$comb_optical_type_5_2,
$comb_optical_type_6_2,
$comb_optical_type_7_2,
$comb_optical_type_8_2,
$comb_optical_type_1_3,
$comb_optical_type_2_3,
$comb_optical_type_3_3,
$comb_optical_type_4_3,
$comb_optical_type_5_3,
$comb_optical_type_6_3,
$comb_optical_type_7_3,
$comb_optical_type_8_3,
$comb_optical_type_1_4,
$comb_optical_type_2_4,
$comb_optical_type_3_4,
$comb_optical_type_4_4,
$comb_optical_type_5_4,
$comb_optical_type_6_4,
$comb_optical_type_7_4,
$comb_optical_type_8_4,
$comb_individual_number_of_light_1_1,
$comb_individual_number_of_light_2_1,
$comb_individual_number_of_light_3_1,
$comb_individual_number_of_light_4_1,
$comb_individual_number_of_light_5_1,
$comb_individual_number_of_light_6_1,
$comb_individual_number_of_light_7_1,
$comb_individual_number_of_light_8_1,
$comb_individual_number_of_light_1_2,
$comb_individual_number_of_light_2_2,
$comb_individual_number_of_light_3_2,
$comb_individual_number_of_light_4_2,
$comb_individual_number_of_light_5_2,
$comb_individual_number_of_light_6_2,
$comb_individual_number_of_light_7_2,
$comb_individual_number_of_light_8_2,
$comb_individual_number_of_light_1_3,
$comb_individual_number_of_light_2_3,
$comb_individual_number_of_light_3_3,
$comb_individual_number_of_light_4_3,
$comb_individual_number_of_light_5_3,
$comb_individual_number_of_light_6_3,
$comb_individual_number_of_light_7_3,
$comb_individual_number_of_light_8_3,
$comb_individual_number_of_light_1_4,
$comb_individual_number_of_light_2_4,
$comb_individual_number_of_light_3_4,
$comb_individual_number_of_light_4_4,
$comb_individual_number_of_light_5_4,
$comb_individual_number_of_light_6_4,
$comb_individual_number_of_light_7_4,
$comb_individual_number_of_light_8_4,
$voxels_1,
$voxels_2,
$voxels_3,
$voxels_4,
$voxels_5,
$voxels_6,
$voxels_7,
$voxels_8,
$voxels_9,
$voxels_10,
$voxels_11,
$voxels_12,
$voxels_13,
$voxels_14,
$voxels_15,
$voxels_16,
$voxels_17,
$voxels_18,
$voxels_19,
$voxels_20,
$voxels_21,
$voxels_22,
$voxels_23,
$voxels_24,
$voxels_25,
$voxels_26,
$voxels_27,
$voxels_28,
$voxels_29,
$voxels_30,
$voxels_31,
$voxels_32,
$voxels_33,
$voxels_34,
$voxels_35,
$voxels_36,
$voxels_37,
$voxels_38,
$voxels_39,
$voxels_40,
$voxels_41,
$voxels_42,
$voxels_43,
$voxels_44,
$voxels_45,
$voxels_46,
$voxels_47,
$voxels_48,
$voxels_49,
$voxels_50,
$voxels_51,
$voxels_52,
$voxels_53,
$voxels_54,
$voxels_55,
$voxels_56,
$voxels_57,
$voxels_58,
$voxels_59,
$voxels_60,
$voxels_61,
$voxels_62,
$voxels_63,
$voxels_64,
$voxels_65,
$voxels_66,
$voxels_67,
$voxels_68,
$voxels_69,
$voxels_70,
$voxels_71,
$voxels_72,
$voxels_73,
$voxels_74,
$voxels_75,
$voxels_76,
$voxels_77,
$voxels_78,
$voxels_79,
$voxels_80,
$voxels_81,
$voxels_82,
$voxels_83,
$voxels_84,
$voxels_85,
$voxels_86,
$voxels_87,
$voxels_88,
$voxels_89,
$voxels_90,
$voxels_91,
$voxels_92,
$voxels_93,
$voxels_94,
$voxels_95,
$voxels_96,
$voxels_97,
$voxels_98,
$voxels_99,
$voxels_100,
$voxels_101,
$voxels_102,
$voxels_103,
$voxels_104,
$voxels_105,
$voxels_106,
$voxels_107,
$voxels_108,
$voxels_109,
$voxels_110,
$voxels_111,
$voxels_112,
$voxels_113,
$voxels_114,
$voxels_115,
$voxels_116,
$voxels_117,
$voxels_118,
$voxels_119,
$voxels_120,
$e_color_temperatuer_1_1,
$e_color_temperatuer_2_1,
$e_color_temperatuer_3_1,
$e_color_temperatuer_4_1,
$e_color_temperatuer_5_1,
$e_color_temperatuer_6_1,
$e_color_temperatuer_7_1,
$e_color_temperatuer_8_1,
$e_color_temperatuer_1_2,
$e_color_temperatuer_2_2,
$e_color_temperatuer_3_2,
$e_color_temperatuer_4_2,
$e_color_temperatuer_5_2,
$e_color_temperatuer_6_2,
$e_color_temperatuer_7_2,
$e_color_temperatuer_8_2,
$e_color_temperatuer_1_3,
$e_color_temperatuer_2_3,
$e_color_temperatuer_3_3,
$e_color_temperatuer_4_3,
$e_color_temperatuer_5_3,
$e_color_temperatuer_6_3,
$e_color_temperatuer_7_3,
$e_color_temperatuer_8_3,
$e_color_temperatuer_1_4,
$e_color_temperatuer_2_4,
$e_color_temperatuer_3_4,
$e_color_temperatuer_4_4,
$e_color_temperatuer_5_4,
$e_color_temperatuer_6_4,
$e_color_temperatuer_7_4,
$e_color_temperatuer_8_4,
$e_Intensity_1_1,
$e_Intensity_2_1,
$e_Intensity_3_1,
$e_Intensity_4_1,
$e_Intensity_5_1,
$e_Intensity_6_1,
$e_Intensity_7_1,
$e_Intensity_8_1,
$e_Intensity_1_2,
$e_Intensity_2_2,
$e_Intensity_3_2,
$e_Intensity_4_2,
$e_Intensity_5_2,
$e_Intensity_6_2,
$e_Intensity_7_2,
$e_Intensity_8_2,
$e_Intensity_1_3,
$e_Intensity_2_3,
$e_Intensity_3_3,
$e_Intensity_4_3,
$e_Intensity_5_3,
$e_Intensity_6_3,
$e_Intensity_7_3,
$e_Intensity_8_3,
$e_Intensity_1_4,
$e_Intensity_2_4,
$e_Intensity_3_4,
$e_Intensity_4_4,
$e_Intensity_5_4,
$e_Intensity_6_4,
$e_Intensity_7_4,
$e_Intensity_8_4,
$cb_lane_1,
$cb_lane_2,
$cb_lane_3,
$cb_lane_4,
$cb_lane_5,
$cb_lane_6,
$cb_lane_7,
$cb_lane_8,
$cb_lane_9,
$cb_lane_10,
$cb_lane_11,
$cb_lane_12,
$cb_lane_13,
$cb_lane_14,
$cb_lane_15,
$cb_lane_16,
$cb_lane_17,
$cb_lane_18,
$cb_lane_19,
$cb_lane_20,
$cb_lane_21,
$cb_lane_22,
$cb_lane_23,
$cb_lane_24,
$cb_lane_25,
$cb_lane_26,
$cb_lane_27,
$cb_lane_28,
$cb_lane_29,
$cb_lane_30,
$cb_lane_31,
$cb_lane_32,
$cb_lane_33,
$cb_lane_34,
$cb_lane_35,
$cb_lane_36,
$cb_lane_37,
$cb_lane_38,
$cb_lane_39,
$cb_lane_40,
$cb_lane_41,
$cb_lane_42,
$cb_lane_43,
$cb_lane_44,
$cb_lane_45,
$cb_lane_46,
$cb_lane_47,
$cb_lane_48,
$cb_lane_49,
$cb_lane_50,
$cb_lane_51,
$cb_lane_52,
$cb_lane_53,
$cb_lane_54,
$cb_lane_55,
$cb_lane_56,
$cb_lane_57,
$cb_lane_58,
$cb_lane_59,
$cb_lane_60,
$cb_lane_61,
$cb_lane_62,
$cb_lane_63,
$cb_lane_64,
$cb_lane_65,
$cb_lane_66,
$cb_lane_67,
$cb_lane_68,
$cb_lane_69,
$cb_lane_70,
$cb_lane_71,
$cb_lane_72,
$cb_lane_73,
$cb_lane_74,
$cb_lane_75,
$cb_lane_76,
$cb_lane_77,
$cb_lane_78,
$cb_lane_79,
$cb_lane_80,
$cb_lane_81,
$cb_lane_82,
$cb_lane_83,
$cb_lane_84,
$cb_lane_85,
$cb_lane_86,
$cb_lane_87,
$cb_lane_88,
$cb_lane_89,
$cb_lane_90,
$cb_lane_91,
$cb_lane_92,
$cb_lane_93,
$cb_lane_94,
$cb_lane_95,
$cb_lane_96,
$cb_lane_97,
$cb_lane_98,
$cb_lane_99,
$cb_lane_100,
$cb_lane_101,
$cb_lane_102,
$cb_lane_103,
$cb_lane_104,
$cb_lane_105,
$cb_lane_106,
$cb_lane_107,
$cb_lane_108,
$cb_lane_109,
$cb_lane_110,
$cb_lane_111,
$cb_lane_112,
$cb_lane_113,
$cb_lane_114,
$cb_lane_115,
$cb_lane_116,
$cb_lane_117,
$cb_lane_118,
$cb_lane_119,
$cb_lane_120,
$temp_all,
$pixel_width,
$width_of_fov,
$grid_A_1,
$grid_A_2,
$grid_A_3,
$grid_A_4,
$grid_A_5,
$grid_B_1,
$grid_B_2,
$grid_B_3,
$grid_B_4,
$grid_B_5,
$grid_C_1,
$grid_C_2,
$grid_C_3,
$grid_C_4,
$grid_C_5,